"transaction_id","id","date","item_code","game_items","seller_id"
"2586715141","92-3566837","2020-08-17",6010,Book of Legends,"888991"
"2885187469","27-1474866","2020-08-24",6010,Book of Legends,"888986"
"3052146541","25-9689267","2020-08-01",6010,Book of Legends,"888986"
"3126590869","33-4012373","2021-04-01",6010,Book of Legends,"888910"
"3149709853","36-7554477","2020-12-17",6010,Book of Legends,"888991"
"3252349957","70-9877808","2021-03-29",6010,Book of Legends,"888903"
"3280995553","94-1237794","2021-03-19",6010,Book of Legends,"888912"
"3399725101","46-2806109","2020-08-18",6010,Book of Legends,"888987"
"3890021845","05-4786250","2020-09-07",6010,Book of Legends,"888993"
"3890168257","05-4786250","2020-11-01",6010,Book of Legends,"888986"
"4076379625","76-2987099","2020-12-29",6010,Book of Legends,"888904"
"4274032297","19-4544004","2020-07-29",6010,Book of Legends,"888993"
"5261440117","81-1022959","2020-10-04",6010,Book of Legends,"313039"
"5386017325","43-1868563","2021-03-08",6010,Book of Legends,"150985"
"5386043785","43-1868563","2021-03-26",6010,Book of Legends,"188961"
"5388187045","72-0934948","2020-09-20",6010,Book of Legends,"770066"
"6424642885","54-3817961","2020-11-21",6010,Book of Legends,"651796"
"6921665761","36-4308794","2020-08-09",6010,Book of Legends,"888991"
"6976520869","07-9192571","2021-04-01",6010,Book of Legends,"888986"
"7010093317","68-7223575","2021-01-05",6010,Book of Legends,"560505"
"7010095081","68-7223575","2021-01-05",6010,Book of Legends,"560505"
"7158697969","06-2087517","2020-09-07",6010,Book of Legends,"888990"
"7159795177","06-2087517","2020-09-19",6010,Book of Legends,"888993"
"7159839277","06-2087517","2020-09-20",6010,Book of Legends,"888992"
"7535375473","54-9985409","2021-01-13",6010,Book of Legends,"888992"
"7588166701","28-4803025","2020-10-26",6010,Book of Legends,"888993"
"7810845241","02-7424672","2021-03-18",6010,Book of Legends,"888915"
"7981805065","24-0305249","2020-09-06",6010,Book of Legends,"888993"
"8288501161","31-7779154","2020-08-13",6010,Book of Legends,"888993"
"8667399541","35-9222579","2021-03-28",6010,Book of Legends,"888906"
"8667403069","35-9222579","2021-03-28",6010,Book of Legends,"888902"
"8726682289","04-7558066","2021-03-15",6010,Book of Legends,"888990"
"8765998321","42-1455640","2021-03-15",6010,Book of Legends,"709615"
"8930553061","07-8244857","2021-02-17",6010,Book of Legends,"888901"
"9185431657","11-9176854","2020-09-08",6010,Book of Legends,"888990"
"9444589717","18-8964800","2020-09-20",6010,Book of Legends,"888986"
"9793325461","11-3246483","2021-03-16",6010,Book of Legends,"888901"
"9910199281","98-9613732","2021-02-10",6010,Book of Legends,"888912"
"9910202809","98-9613732","2021-02-10",6010,Book of Legends,"888986"
"10026923161","78-4293647","2021-02-26",6010,Book of Legends,"888991"
"10155398809","08-9668789","2020-10-14",6010,Book of Legends,"888986"
"10187330737","30-4123654","2020-11-05",6010,Book of Legends,"888991"
"10226696161","15-5750613","2020-09-02",6010,Book of Legends,"888991"
"10627581037","18-5809383","2020-10-01",6010,Book of Legends,"545613"
"11228272429","53-4225044","2020-12-28",6010,Book of Legends,"888912"
"11516222497","06-1542940","2020-10-21",6010,Book of Legends,"888992"
"11660133145","08-0001097","2021-03-28",6010,Book of Legends,"888987"
"11683405597","89-4593977","2021-03-21",6010,Book of Legends,"888910"
"1103935549","06-5381730","2020-09-15",6010,Book of Legends,"888991"
"1103981413","06-5381730","2020-10-05",6010,Book of Legends,"888987"
"1336197901","01-0074905","2020-09-26",6010,Book of Legends,"888986"
"1340669641","01-0074905","2021-01-02",6010,Book of Legends,"888902"
"1342465393","01-0074905","2021-02-06",6010,Book of Legends,"888914"
"1390171009","10-9330719","2020-10-27",6010,Book of Legends,"888991"
"1391416393","10-9330719","2020-11-23",6010,Book of Legends,"888909"
"1396228585","10-9330719","2021-03-29",6010,Book of Legends,"888905"
"1895251837","21-9807085","2020-08-23",6010,Book of Legends,"888993"
"2052690601","46-0622468","2020-08-17",6010,Book of Legends,"888990"
"2752305349","37-7835003","2020-01-09",6010,Book of Legends,
"2968658185","91-5947409","2020-04-19",6010,Book of Legends,
"2968659949","91-5947409","2020-04-19",6010,Book of Legends,
"3019279693","21-0468053","2020-04-01",6010,Book of Legends,
"3126601453","72-8559492","2020-01-03",6010,Book of Legends,
"3126945433","72-8559492","2020-02-15",6010,Book of Legends,
"3127285885","72-8559492","2020-04-18",6010,Book of Legends,
"3795852469","21-4766824","2020-05-30",6010,Book of Legends,
"3813277261","12-1058351","2020-01-31",6010,Book of Legends,
"3813279025","12-1058351","2020-01-31",6010,Book of Legends,
"3813280789","12-1058351","2020-02-02",6010,Book of Legends,
"3813282553","12-1058351","2020-02-02",6010,Book of Legends,
"3813284317","12-1058351","2020-02-02",6010,Book of Legends,
"3813286081","12-1058351","2020-02-02",6010,Book of Legends,
"3813291373","12-1058351","2020-02-03",6010,Book of Legends,
"3813293137","12-1058351","2020-02-03",6010,Book of Legends,
"3813294901","12-1058351","2020-02-03",6010,Book of Legends,
"3813296665","12-1058351","2020-02-03",6010,Book of Legends,
"3813298429","12-1058351","2020-02-03",6010,Book of Legends,
"3813300193","12-1058351","2020-02-03",6010,Book of Legends,
"3813301957","12-1058351","2020-02-03",6010,Book of Legends,
"3813303721","12-1058351","2020-02-03",6010,Book of Legends,
"3813309013","12-1058351","2020-02-05",6010,Book of Legends,
"3813310777","12-1058351","2020-02-05",6010,Book of Legends,
"3813312541","12-1058351","2020-02-05",6010,Book of Legends,
"3813314305","12-1058351","2020-02-05",6010,Book of Legends,
"3813316069","12-1058351","2020-02-05",6010,Book of Legends,
"3813317833","12-1058351","2020-02-05",6010,Book of Legends,
"3813319597","12-1058351","2020-02-05",6010,Book of Legends,
"3813321361","12-1058351","2020-02-05",6010,Book of Legends,
"3813323125","12-1058351","2020-02-05",6010,Book of Legends,
"3813324889","12-1058351","2020-02-05",6010,Book of Legends,
"3813326653","12-1058351","2020-02-05",6010,Book of Legends,
"3813328417","12-1058351","2020-02-05",6010,Book of Legends,
"3813330181","12-1058351","2020-02-05",6010,Book of Legends,
"3813331945","12-1058351","2020-02-05",6010,Book of Legends,
"3813333709","12-1058351","2020-02-06",6010,Book of Legends,
"3813335473","12-1058351","2020-02-06",6010,Book of Legends,
"3813337237","12-1058351","2020-02-06",6010,Book of Legends,
"3813339001","12-1058351","2020-02-06",6010,Book of Legends,
"3813340765","12-1058351","2020-02-06",6010,Book of Legends,
"3813342529","12-1058351","2020-02-06",6010,Book of Legends,
"3813351349","12-1058351","2020-02-06",6010,Book of Legends,
"3813353113","12-1058351","2020-02-06",6010,Book of Legends,
"3813354877","12-1058351","2020-02-06",6010,Book of Legends,
"3813356641","12-1058351","2020-02-06",6010,Book of Legends,
"3813358405","12-1058351","2020-02-06",6010,Book of Legends,
"3813360169","12-1058351","2020-02-06",6010,Book of Legends,
"3813361933","12-1058351","2020-02-06",6010,Book of Legends,
"3813363697","12-1058351","2020-02-06",6010,Book of Legends,
"3813365461","12-1058351","2020-02-07",6010,Book of Legends,
"3813367225","12-1058351","2020-02-07",6010,Book of Legends,
"3813368989","12-1058351","2020-02-07",6010,Book of Legends,
"3813370753","12-1058351","2020-02-07",6010,Book of Legends,
"3813376045","12-1058351","2020-02-09",6010,Book of Legends,
"3813377809","12-1058351","2020-02-09",6010,Book of Legends,
"3813379573","12-1058351","2020-02-09",6010,Book of Legends,
"3813381337","12-1058351","2020-02-09",6010,Book of Legends,
"3813383101","12-1058351","2020-02-09",6010,Book of Legends,
"3813384865","12-1058351","2020-02-09",6010,Book of Legends,
"3813386629","12-1058351","2020-02-10",6010,Book of Legends,
"3813388393","12-1058351","2020-02-10",6010,Book of Legends,
"3813390157","12-1058351","2020-02-10",6010,Book of Legends,
"3813391921","12-1058351","2020-02-10",6010,Book of Legends,
"3813393685","12-1058351","2020-02-10",6010,Book of Legends,
"3813395449","12-1058351","2020-02-10",6010,Book of Legends,
"3813397213","12-1058351","2020-02-10",6010,Book of Legends,
"3813398977","12-1058351","2020-02-10",6010,Book of Legends,
"3813414853","12-1058351","2020-02-12",6010,Book of Legends,
"3813416617","12-1058351","2020-02-12",6010,Book of Legends,
"3813418381","12-1058351","2020-02-13",6010,Book of Legends,
"3813420145","12-1058351","2020-02-13",6010,Book of Legends,
"3813432493","12-1058351","2020-02-14",6010,Book of Legends,
"3813434257","12-1058351","2020-02-14",6010,Book of Legends,
"3813436021","12-1058351","2020-02-14",6010,Book of Legends,
"3813437785","12-1058351","2020-02-14",6010,Book of Legends,
"3813439549","12-1058351","2020-02-14",6010,Book of Legends,
"3813441313","12-1058351","2020-02-14",6010,Book of Legends,
"3813443077","12-1058351","2020-02-14",6010,Book of Legends,
"3813444841","12-1058351","2020-02-14",6010,Book of Legends,
"3813446605","12-1058351","2020-02-14",6010,Book of Legends,
"3813448369","12-1058351","2020-02-14",6010,Book of Legends,
"3813453661","12-1058351","2020-02-14",6010,Book of Legends,
"3813455425","12-1058351","2020-02-14",6010,Book of Legends,
"3813460717","12-1058351","2020-02-15",6010,Book of Legends,
"3813462481","12-1058351","2020-02-15",6010,Book of Legends,
"3813464245","12-1058351","2020-02-15",6010,Book of Legends,
"3813466009","12-1058351","2020-02-15",6010,Book of Legends,
"3813467773","12-1058351","2020-02-15",6010,Book of Legends,
"3813469537","12-1058351","2020-02-15",6010,Book of Legends,
"3813471301","12-1058351","2020-02-15",6010,Book of Legends,
"3813473065","12-1058351","2020-02-15",6010,Book of Legends,
"3813474829","12-1058351","2020-02-15",6010,Book of Legends,
"3813476593","12-1058351","2020-02-15",6010,Book of Legends,
"3813478357","12-1058351","2020-02-15",6010,Book of Legends,
"3813480121","12-1058351","2020-02-15",6010,Book of Legends,
"3813481885","12-1058351","2020-02-15",6010,Book of Legends,
"3813483649","12-1058351","2020-02-15",6010,Book of Legends,
"3813485413","12-1058351","2020-02-15",6010,Book of Legends,
"3813487177","12-1058351","2020-02-15",6010,Book of Legends,
"3813492469","12-1058351","2020-02-15",6010,Book of Legends,
"3813494233","12-1058351","2020-02-15",6010,Book of Legends,
"3813510109","12-1058351","2020-02-16",6010,Book of Legends,
"3813511873","12-1058351","2020-02-16",6010,Book of Legends,
"3813513637","12-1058351","2020-02-16",6010,Book of Legends,
"3813515401","12-1058351","2020-02-16",6010,Book of Legends,
"3813517165","12-1058351","2020-02-16",6010,Book of Legends,
"3813518929","12-1058351","2020-02-16",6010,Book of Legends,
"3813520693","12-1058351","2020-02-16",6010,Book of Legends,
"3813522457","12-1058351","2020-02-16",6010,Book of Legends,
"3813524221","12-1058351","2020-02-17",6010,Book of Legends,
"3813525985","12-1058351","2020-02-17",6010,Book of Legends,
"3813527749","12-1058351","2020-02-17",6010,Book of Legends,
"3813529513","12-1058351","2020-02-17",6010,Book of Legends,
"3813531277","12-1058351","2020-02-17",6010,Book of Legends,
"3813533041","12-1058351","2020-02-17",6010,Book of Legends,
"3813534805","12-1058351","2020-02-17",6010,Book of Legends,
"3813536569","12-1058351","2020-02-17",6010,Book of Legends,
"3813538333","12-1058351","2020-02-17",6010,Book of Legends,
"3813540097","12-1058351","2020-02-17",6010,Book of Legends,
"3813541861","12-1058351","2020-02-17",6010,Book of Legends,
"3813543625","12-1058351","2020-02-17",6010,Book of Legends,
"3813545389","12-1058351","2020-02-17",6010,Book of Legends,
"3813547153","12-1058351","2020-02-17",6010,Book of Legends,
"3813548917","12-1058351","2020-02-17",6010,Book of Legends,
"3813550681","12-1058351","2020-02-17",6010,Book of Legends,
"3813552445","12-1058351","2020-02-17",6010,Book of Legends,
"3813554209","12-1058351","2020-02-17",6010,Book of Legends,
"3813555973","12-1058351","2020-02-17",6010,Book of Legends,
"3813557737","12-1058351","2020-02-17",6010,Book of Legends,
"3813559501","12-1058351","2020-02-17",6010,Book of Legends,
"3813561265","12-1058351","2020-02-17",6010,Book of Legends,
"3813563029","12-1058351","2020-02-17",6010,Book of Legends,
"3813564793","12-1058351","2020-02-17",6010,Book of Legends,
"3813566557","12-1058351","2020-02-17",6010,Book of Legends,
"3813568321","12-1058351","2020-02-17",6010,Book of Legends,
"3813570085","12-1058351","2020-02-17",6010,Book of Legends,
"3813571849","12-1058351","2020-02-17",6010,Book of Legends,
"3813573613","12-1058351","2020-02-17",6010,Book of Legends,
"3813575377","12-1058351","2020-02-17",6010,Book of Legends,
"3813577141","12-1058351","2020-02-17",6010,Book of Legends,
"3813578905","12-1058351","2020-02-17",6010,Book of Legends,
"3813580669","12-1058351","2020-02-17",6010,Book of Legends,
"3813582433","12-1058351","2020-02-17",6010,Book of Legends,
"3813584197","12-1058351","2020-02-17",6010,Book of Legends,
"3813585961","12-1058351","2020-02-17",6010,Book of Legends,
"3813587725","12-1058351","2020-02-17",6010,Book of Legends,
"3813589489","12-1058351","2020-02-17",6010,Book of Legends,
"3813605365","12-1058351","2020-02-18",6010,Book of Legends,
"3813607129","12-1058351","2020-02-18",6010,Book of Legends,
"3813608893","12-1058351","2020-02-18",6010,Book of Legends,
"3813610657","12-1058351","2020-02-18",6010,Book of Legends,
"3813612421","12-1058351","2020-02-18",6010,Book of Legends,
"3813614185","12-1058351","2020-02-18",6010,Book of Legends,
"3813615949","12-1058351","2020-02-19",6010,Book of Legends,
"3813617713","12-1058351","2020-02-19",6010,Book of Legends,
"3813619477","12-1058351","2020-02-19",6010,Book of Legends,
"3813621241","12-1058351","2020-02-19",6010,Book of Legends,
"3813623005","12-1058351","2020-02-19",6010,Book of Legends,
"3813624769","12-1058351","2020-02-19",6010,Book of Legends,
"3813626533","12-1058351","2020-02-19",6010,Book of Legends,
"3813628297","12-1058351","2020-02-19",6010,Book of Legends,
"3813630061","12-1058351","2020-02-19",6010,Book of Legends,
"3813631825","12-1058351","2020-02-19",6010,Book of Legends,
"3813633589","12-1058351","2020-02-19",6010,Book of Legends,
"3813635353","12-1058351","2020-02-19",6010,Book of Legends,
"3813637117","12-1058351","2020-02-19",6010,Book of Legends,
"3813638881","12-1058351","2020-02-19",6010,Book of Legends,
"3813640645","12-1058351","2020-02-19",6010,Book of Legends,
"3813642409","12-1058351","2020-02-19",6010,Book of Legends,
"3813644173","12-1058351","2020-02-19",6010,Book of Legends,
"3813645937","12-1058351","2020-02-19",6010,Book of Legends,
"3813647701","12-1058351","2020-02-19",6010,Book of Legends,
"3813649465","12-1058351","2020-02-19",6010,Book of Legends,
"3813651229","12-1058351","2020-02-19",6010,Book of Legends,
"3813652993","12-1058351","2020-02-19",6010,Book of Legends,
"3813654757","12-1058351","2020-02-19",6010,Book of Legends,
"3813656521","12-1058351","2020-02-19",6010,Book of Legends,
"3813658285","12-1058351","2020-02-19",6010,Book of Legends,
"3813660049","12-1058351","2020-02-19",6010,Book of Legends,
"3813661813","12-1058351","2020-02-19",6010,Book of Legends,
"3813663577","12-1058351","2020-02-19",6010,Book of Legends,
"3813665341","12-1058351","2020-02-19",6010,Book of Legends,
"3813667105","12-1058351","2020-02-19",6010,Book of Legends,
"3813668869","12-1058351","2020-02-20",6010,Book of Legends,
"3813670633","12-1058351","2020-02-20",6010,Book of Legends,
"3813672397","12-1058351","2020-02-20",6010,Book of Legends,
"3813674161","12-1058351","2020-02-20",6010,Book of Legends,
"3813675925","12-1058351","2020-02-20",6010,Book of Legends,
"3813677689","12-1058351","2020-02-20",6010,Book of Legends,
"3813679453","12-1058351","2020-02-20",6010,Book of Legends,
"3813681217","12-1058351","2020-02-20",6010,Book of Legends,
"3813682981","12-1058351","2020-02-20",6010,Book of Legends,
"3813684745","12-1058351","2020-02-20",6010,Book of Legends,
"3813686509","12-1058351","2020-02-20",6010,Book of Legends,
"3813688273","12-1058351","2020-02-20",6010,Book of Legends,
"3813690037","12-1058351","2020-02-20",6010,Book of Legends,
"3813691801","12-1058351","2020-02-20",6010,Book of Legends,
"3813697093","12-1058351","2020-02-20",6010,Book of Legends,
"3813698857","12-1058351","2020-02-20",6010,Book of Legends,
"3813700621","12-1058351","2020-02-20",6010,Book of Legends,
"3813702385","12-1058351","2020-02-20",6010,Book of Legends,
"3813704149","12-1058351","2020-02-21",6010,Book of Legends,
"3813705913","12-1058351","2020-02-21",6010,Book of Legends,
"3813707677","12-1058351","2020-02-21",6010,Book of Legends,
"3813709441","12-1058351","2020-02-21",6010,Book of Legends,
"3813711205","12-1058351","2020-02-21",6010,Book of Legends,
"3813712969","12-1058351","2020-02-21",6010,Book of Legends,
"3813714733","12-1058351","2020-02-21",6010,Book of Legends,
"3813716497","12-1058351","2020-02-21",6010,Book of Legends,
"3813718261","12-1058351","2020-02-21",6010,Book of Legends,
"3813720025","12-1058351","2020-02-21",6010,Book of Legends,
"3813721789","12-1058351","2020-02-21",6010,Book of Legends,
"3813723553","12-1058351","2020-02-21",6010,Book of Legends,
"3813725317","12-1058351","2020-02-21",6010,Book of Legends,
"3813727081","12-1058351","2020-02-21",6010,Book of Legends,
"3813735901","12-1058351","2020-02-21",6010,Book of Legends,
"3813737665","12-1058351","2020-02-21",6010,Book of Legends,
"3813739429","12-1058351","2020-02-21",6010,Book of Legends,
"3813741193","12-1058351","2020-02-21",6010,Book of Legends,
"3813742957","12-1058351","2020-02-21",6010,Book of Legends,
"3813744721","12-1058351","2020-02-21",6010,Book of Legends,
"3813746485","12-1058351","2020-02-21",6010,Book of Legends,
"3813748249","12-1058351","2020-02-21",6010,Book of Legends,
"3813750013","12-1058351","2020-02-21",6010,Book of Legends,
"3813751777","12-1058351","2020-02-21",6010,Book of Legends,
"3813753541","12-1058351","2020-02-21",6010,Book of Legends,
"3813755305","12-1058351","2020-02-21",6010,Book of Legends,
"3813757069","12-1058351","2020-02-21",6010,Book of Legends,
"3813758833","12-1058351","2020-02-21",6010,Book of Legends,
"3813760597","12-1058351","2020-02-22",6010,Book of Legends,
"3813762361","12-1058351","2020-02-22",6010,Book of Legends,
"3813771181","12-1058351","2020-02-22",6010,Book of Legends,
"3813772945","12-1058351","2020-02-22",6010,Book of Legends,
"3813774709","12-1058351","2020-02-22",6010,Book of Legends,
"3813776473","12-1058351","2020-02-22",6010,Book of Legends,
"3813778237","12-1058351","2020-02-22",6010,Book of Legends,
"3813780001","12-1058351","2020-02-22",6010,Book of Legends,
"3813781765","12-1058351","2020-02-22",6010,Book of Legends,
"3813783529","12-1058351","2020-02-22",6010,Book of Legends,
"3813785293","12-1058351","2020-02-22",6010,Book of Legends,
"3813787057","12-1058351","2020-02-22",6010,Book of Legends,
"3813788821","12-1058351","2020-02-22",6010,Book of Legends,
"3813790585","12-1058351","2020-02-22",6010,Book of Legends,
"3813792349","12-1058351","2020-02-22",6010,Book of Legends,
"3813794113","12-1058351","2020-02-22",6010,Book of Legends,
"3813795877","12-1058351","2020-02-22",6010,Book of Legends,
"3813797641","12-1058351","2020-02-22",6010,Book of Legends,
"3813802933","12-1058351","2020-02-22",6010,Book of Legends,
"3813804697","12-1058351","2020-02-22",6010,Book of Legends,
"3813806461","12-1058351","2020-02-22",6010,Book of Legends,
"3813808225","12-1058351","2020-02-22",6010,Book of Legends,
"3813809989","12-1058351","2020-02-22",6010,Book of Legends,
"3813811753","12-1058351","2020-02-22",6010,Book of Legends,
"3813813517","12-1058351","2020-02-22",6010,Book of Legends,
"3813815281","12-1058351","2020-02-22",6010,Book of Legends,
"3813817045","12-1058351","2020-02-22",6010,Book of Legends,
"3813818809","12-1058351","2020-02-22",6010,Book of Legends,
"3813820573","12-1058351","2020-02-22",6010,Book of Legends,
"3813822337","12-1058351","2020-02-22",6010,Book of Legends,
"3813824101","12-1058351","2020-02-22",6010,Book of Legends,
"3813825865","12-1058351","2020-02-22",6010,Book of Legends,
"3813827629","12-1058351","2020-02-22",6010,Book of Legends,
"3813829393","12-1058351","2020-02-22",6010,Book of Legends,
"3813831157","12-1058351","2020-02-22",6010,Book of Legends,
"3813832921","12-1058351","2020-02-22",6010,Book of Legends,
"3813834685","12-1058351","2020-02-22",6010,Book of Legends,
"3813836449","12-1058351","2020-02-22",6010,Book of Legends,
"3813838213","12-1058351","2020-02-22",6010,Book of Legends,
"3813839977","12-1058351","2020-02-22",6010,Book of Legends,
"3813841741","12-1058351","2020-02-23",6010,Book of Legends,
"3813843505","12-1058351","2020-02-23",6010,Book of Legends,
"3813845269","12-1058351","2020-02-23",6010,Book of Legends,
"3813847033","12-1058351","2020-02-23",6010,Book of Legends,
"3813848797","12-1058351","2020-02-23",6010,Book of Legends,
"3813850561","12-1058351","2020-02-23",6010,Book of Legends,
"3813852325","12-1058351","2020-02-23",6010,Book of Legends,
"3813854089","12-1058351","2020-02-23",6010,Book of Legends,
"3813855853","12-1058351","2020-02-23",6010,Book of Legends,
"3813857617","12-1058351","2020-02-23",6010,Book of Legends,
"3813859381","12-1058351","2020-02-23",6010,Book of Legends,
"3813861145","12-1058351","2020-02-23",6010,Book of Legends,
"3813862909","12-1058351","2020-02-23",6010,Book of Legends,
"3813864673","12-1058351","2020-02-23",6010,Book of Legends,
"3813866437","12-1058351","2020-02-23",6010,Book of Legends,
"3813868201","12-1058351","2020-02-23",6010,Book of Legends,
"3813869965","12-1058351","2020-02-23",6010,Book of Legends,
"3813871729","12-1058351","2020-02-23",6010,Book of Legends,
"3813873493","12-1058351","2020-02-23",6010,Book of Legends,
"3813875257","12-1058351","2020-02-23",6010,Book of Legends,
"3813877021","12-1058351","2020-02-23",6010,Book of Legends,
"3813878785","12-1058351","2020-02-23",6010,Book of Legends,
"3813880549","12-1058351","2020-02-23",6010,Book of Legends,
"3813882313","12-1058351","2020-02-23",6010,Book of Legends,
"3813884077","12-1058351","2020-02-23",6010,Book of Legends,
"3813885841","12-1058351","2020-02-23",6010,Book of Legends,
"3813887605","12-1058351","2020-02-23",6010,Book of Legends,
"3813889369","12-1058351","2020-02-23",6010,Book of Legends,
"3813891133","12-1058351","2020-02-23",6010,Book of Legends,
"3813892897","12-1058351","2020-02-23",6010,Book of Legends,
"3813894661","12-1058351","2020-02-23",6010,Book of Legends,
"3813896425","12-1058351","2020-02-23",6010,Book of Legends,
"3813898189","12-1058351","2020-02-24",6010,Book of Legends,
"3813899953","12-1058351","2020-02-24",6010,Book of Legends,
"3813901717","12-1058351","2020-02-24",6010,Book of Legends,
"3813903481","12-1058351","2020-02-24",6010,Book of Legends,
"3813905245","12-1058351","2020-02-24",6010,Book of Legends,
"3813907009","12-1058351","2020-02-24",6010,Book of Legends,
"3813908773","12-1058351","2020-02-24",6010,Book of Legends,
"3813910537","12-1058351","2020-02-24",6010,Book of Legends,
"3813912301","12-1058351","2020-02-24",6010,Book of Legends,
"3813914065","12-1058351","2020-02-24",6010,Book of Legends,
"3813915829","12-1058351","2020-02-24",6010,Book of Legends,
"3813917593","12-1058351","2020-02-24",6010,Book of Legends,
"3813919357","12-1058351","2020-02-25",6010,Book of Legends,
"3813921121","12-1058351","2020-02-25",6010,Book of Legends,
"3813922885","12-1058351","2020-02-25",6010,Book of Legends,
"3813924649","12-1058351","2020-02-25",6010,Book of Legends,
"3813926413","12-1058351","2020-02-25",6010,Book of Legends,
"3813928177","12-1058351","2020-02-25",6010,Book of Legends,
"3813929941","12-1058351","2020-02-25",6010,Book of Legends,
"3813931705","12-1058351","2020-02-25",6010,Book of Legends,
"3813933469","12-1058351","2020-02-25",6010,Book of Legends,
"3813935233","12-1058351","2020-02-25",6010,Book of Legends,
"3813936997","12-1058351","2020-02-25",6010,Book of Legends,
"3813938761","12-1058351","2020-02-25",6010,Book of Legends,
"3813940525","12-1058351","2020-02-25",6010,Book of Legends,
"3813942289","12-1058351","2020-02-25",6010,Book of Legends,
"3813944053","12-1058351","2020-02-25",6010,Book of Legends,
"3813945817","12-1058351","2020-02-25",6010,Book of Legends,
"3813947581","12-1058351","2020-02-25",6010,Book of Legends,
"3813949345","12-1058351","2020-02-25",6010,Book of Legends,
"3813951109","12-1058351","2020-02-25",6010,Book of Legends,
"3813952873","12-1058351","2020-02-25",6010,Book of Legends,
"3813954637","12-1058351","2020-02-25",6010,Book of Legends,
"3813956401","12-1058351","2020-02-25",6010,Book of Legends,
"3813958165","12-1058351","2020-02-25",6010,Book of Legends,
"3813959929","12-1058351","2020-02-25",6010,Book of Legends,
"3813961693","12-1058351","2020-02-25",6010,Book of Legends,
"3813963457","12-1058351","2020-02-25",6010,Book of Legends,
"3813965221","12-1058351","2020-02-26",6010,Book of Legends,
"3813966985","12-1058351","2020-02-26",6010,Book of Legends,
"3813968749","12-1058351","2020-02-26",6010,Book of Legends,
"3813970513","12-1058351","2020-02-26",6010,Book of Legends,
"3813972277","12-1058351","2020-02-26",6010,Book of Legends,
"3813974041","12-1058351","2020-02-26",6010,Book of Legends,
"3813975805","12-1058351","2020-02-26",6010,Book of Legends,
"3813977569","12-1058351","2020-02-26",6010,Book of Legends,
"3813979333","12-1058351","2020-02-26",6010,Book of Legends,
"3813981097","12-1058351","2020-02-26",6010,Book of Legends,
"3813982861","12-1058351","2020-02-26",6010,Book of Legends,
"3813984625","12-1058351","2020-02-26",6010,Book of Legends,
"3813986389","12-1058351","2020-02-26",6010,Book of Legends,
"3813988153","12-1058351","2020-02-26",6010,Book of Legends,
"3813989917","12-1058351","2020-02-26",6010,Book of Legends,
"3813991681","12-1058351","2020-02-26",6010,Book of Legends,
"3813993445","12-1058351","2020-02-26",6010,Book of Legends,
"3813995209","12-1058351","2020-02-26",6010,Book of Legends,
"3813996973","12-1058351","2020-02-26",6010,Book of Legends,
"3813998737","12-1058351","2020-02-26",6010,Book of Legends,
"3814000501","12-1058351","2020-02-26",6010,Book of Legends,
"3814002265","12-1058351","2020-02-26",6010,Book of Legends,
"3814004029","12-1058351","2020-02-26",6010,Book of Legends,
"3814005793","12-1058351","2020-02-26",6010,Book of Legends,
"3814011085","12-1058351","2020-02-26",6010,Book of Legends,
"3814012849","12-1058351","2020-02-26",6010,Book of Legends,
"3814014613","12-1058351","2020-02-26",6010,Book of Legends,
"3814016377","12-1058351","2020-02-26",6010,Book of Legends,
"3814018141","12-1058351","2020-02-26",6010,Book of Legends,
"3814019905","12-1058351","2020-02-26",6010,Book of Legends,
"3814021669","12-1058351","2020-02-26",6010,Book of Legends,
"3814023433","12-1058351","2020-02-26",6010,Book of Legends,
"3814025197","12-1058351","2020-02-26",6010,Book of Legends,
"3814026961","12-1058351","2020-02-26",6010,Book of Legends,
"3814028725","12-1058351","2020-02-26",6010,Book of Legends,
"3814030489","12-1058351","2020-02-26",6010,Book of Legends,
"3814032253","12-1058351","2020-02-27",6010,Book of Legends,
"3814034017","12-1058351","2020-02-27",6010,Book of Legends,
"3814035781","12-1058351","2020-02-27",6010,Book of Legends,
"3814037545","12-1058351","2020-02-27",6010,Book of Legends,
"3814039309","12-1058351","2020-02-27",6010,Book of Legends,
"3814041073","12-1058351","2020-02-27",6010,Book of Legends,
"3814042837","12-1058351","2020-02-27",6010,Book of Legends,
"3814044601","12-1058351","2020-02-27",6010,Book of Legends,
"3814046365","12-1058351","2020-02-27",6010,Book of Legends,
"3814048129","12-1058351","2020-02-27",6010,Book of Legends,
"3814049893","12-1058351","2020-02-27",6010,Book of Legends,
"3814051657","12-1058351","2020-02-27",6010,Book of Legends,
"3814053421","12-1058351","2020-02-27",6010,Book of Legends,
"3814055185","12-1058351","2020-02-27",6010,Book of Legends,
"3814056949","12-1058351","2020-02-27",6010,Book of Legends,
"3814058713","12-1058351","2020-02-27",6010,Book of Legends,
"3814060477","12-1058351","2020-02-27",6010,Book of Legends,
"3814062241","12-1058351","2020-02-27",6010,Book of Legends,
"3814067533","12-1058351","2020-02-27",6010,Book of Legends,
"3814069297","12-1058351","2020-02-27",6010,Book of Legends,
"3814074589","12-1058351","2020-02-27",6010,Book of Legends,
"3814076353","12-1058351","2020-02-27",6010,Book of Legends,
"3814078117","12-1058351","2020-02-27",6010,Book of Legends,
"3814079881","12-1058351","2020-02-27",6010,Book of Legends,
"3814081645","12-1058351","2020-02-27",6010,Book of Legends,
"3814083409","12-1058351","2020-02-27",6010,Book of Legends,
"3814085173","12-1058351","2020-02-27",6010,Book of Legends,
"3814086937","12-1058351","2020-02-27",6010,Book of Legends,
"3814088701","12-1058351","2020-02-27",6010,Book of Legends,
"3814090465","12-1058351","2020-02-27",6010,Book of Legends,
"3814092229","12-1058351","2020-02-27",6010,Book of Legends,
"3814093993","12-1058351","2020-02-27",6010,Book of Legends,
"3814095757","12-1058351","2020-02-27",6010,Book of Legends,
"3814097521","12-1058351","2020-02-27",6010,Book of Legends,
"3814099285","12-1058351","2020-02-27",6010,Book of Legends,
"3814101049","12-1058351","2020-02-27",6010,Book of Legends,
"3814102813","12-1058351","2020-02-28",6010,Book of Legends,
"3814104577","12-1058351","2020-02-28",6010,Book of Legends,
"3814106341","12-1058351","2020-02-28",6010,Book of Legends,
"3814108105","12-1058351","2020-02-28",6010,Book of Legends,
"3814109869","12-1058351","2020-02-28",6010,Book of Legends,
"3814111633","12-1058351","2020-02-28",6010,Book of Legends,
"3814113397","12-1058351","2020-02-28",6010,Book of Legends,
"3814115161","12-1058351","2020-02-28",6010,Book of Legends,
"3814116925","12-1058351","2020-02-28",6010,Book of Legends,
"3814118689","12-1058351","2020-02-28",6010,Book of Legends,
"3814120453","12-1058351","2020-02-29",6010,Book of Legends,
"3814122217","12-1058351","2020-02-29",6010,Book of Legends,
"3814123981","12-1058351","2020-02-29",6010,Book of Legends,
"3814125745","12-1058351","2020-02-29",6010,Book of Legends,
"3814127509","12-1058351","2020-02-29",6010,Book of Legends,
"3814129273","12-1058351","2020-02-29",6010,Book of Legends,
"3814131037","12-1058351","2020-02-29",6010,Book of Legends,
"3814132801","12-1058351","2020-02-29",6010,Book of Legends,
"3814134565","12-1058351","2020-02-29",6010,Book of Legends,
"3814136329","12-1058351","2020-02-29",6010,Book of Legends,
"3814138093","12-1058351","2020-02-29",6010,Book of Legends,
"3814139857","12-1058351","2020-02-29",6010,Book of Legends,
"3814145149","12-1058351","2020-02-29",6010,Book of Legends,
"3814146913","12-1058351","2020-02-29",6010,Book of Legends,
"3814148677","12-1058351","2020-02-29",6010,Book of Legends,
"3814150441","12-1058351","2020-02-29",6010,Book of Legends,
"3814152205","12-1058351","2020-03-01",6010,Book of Legends,
"3814153969","12-1058351","2020-03-01",6010,Book of Legends,
"3814155733","12-1058351","2020-03-01",6010,Book of Legends,
"3814157497","12-1058351","2020-03-01",6010,Book of Legends,
"3814159261","12-1058351","2020-03-01",6010,Book of Legends,
"3814161025","12-1058351","2020-03-01",6010,Book of Legends,
"3814162789","12-1058351","2020-03-01",6010,Book of Legends,
"3814164553","12-1058351","2020-03-01",6010,Book of Legends,
"3814166317","12-1058351","2020-03-01",6010,Book of Legends,
"3814168081","12-1058351","2020-03-01",6010,Book of Legends,
"3814169845","12-1058351","2020-03-01",6010,Book of Legends,
"3814171609","12-1058351","2020-03-01",6010,Book of Legends,
"3814173373","12-1058351","2020-03-01",6010,Book of Legends,
"3814175137","12-1058351","2020-03-01",6010,Book of Legends,
"3814176901","12-1058351","2020-03-01",6010,Book of Legends,
"3814178665","12-1058351","2020-03-01",6010,Book of Legends,
"3814180429","12-1058351","2020-03-01",6010,Book of Legends,
"3814182193","12-1058351","2020-03-01",6010,Book of Legends,
"3814183957","12-1058351","2020-03-02",6010,Book of Legends,
"3814185721","12-1058351","2020-03-02",6010,Book of Legends,
"3814187485","12-1058351","2020-03-02",6010,Book of Legends,
"3814189249","12-1058351","2020-03-02",6010,Book of Legends,
"3814191013","12-1058351","2020-03-02",6010,Book of Legends,
"3814192777","12-1058351","2020-03-02",6010,Book of Legends,
"3814194541","12-1058351","2020-03-02",6010,Book of Legends,
"3814196305","12-1058351","2020-03-02",6010,Book of Legends,
"3814198069","12-1058351","2020-03-02",6010,Book of Legends,
"3814199833","12-1058351","2020-03-02",6010,Book of Legends,
"3814201597","12-1058351","2020-03-02",6010,Book of Legends,
"3814203361","12-1058351","2020-03-02",6010,Book of Legends,
"3814205125","12-1058351","2020-03-02",6010,Book of Legends,
"3814206889","12-1058351","2020-03-02",6010,Book of Legends,
"3814208653","12-1058351","2020-03-02",6010,Book of Legends,
"3814210417","12-1058351","2020-03-02",6010,Book of Legends,
"3814212181","12-1058351","2020-03-02",6010,Book of Legends,
"3814213945","12-1058351","2020-03-02",6010,Book of Legends,
"3814215709","12-1058351","2020-03-02",6010,Book of Legends,
"3814217473","12-1058351","2020-03-02",6010,Book of Legends,
"3814219237","12-1058351","2020-03-02",6010,Book of Legends,
"3814221001","12-1058351","2020-03-02",6010,Book of Legends,
"3814222765","12-1058351","2020-03-02",6010,Book of Legends,
"3814224529","12-1058351","2020-03-02",6010,Book of Legends,
"3814226293","12-1058351","2020-03-02",6010,Book of Legends,
"3814228057","12-1058351","2020-03-02",6010,Book of Legends,
"3814229821","12-1058351","2020-03-02",6010,Book of Legends,
"3814231585","12-1058351","2020-03-02",6010,Book of Legends,
"3814233349","12-1058351","2020-03-02",6010,Book of Legends,
"3814235113","12-1058351","2020-03-02",6010,Book of Legends,
"3814236877","12-1058351","2020-03-03",6010,Book of Legends,
"3814238641","12-1058351","2020-03-03",6010,Book of Legends,
"3814275685","12-1058351","2020-03-16",6010,Book of Legends,
"3814277449","12-1058351","2020-03-16",6010,Book of Legends,
"3814289797","12-1058351","2020-03-17",6010,Book of Legends,
"3814291561","12-1058351","2020-03-17",6010,Book of Legends,
"3814293325","12-1058351","2020-03-17",6010,Book of Legends,
"3814295089","12-1058351","2020-03-17",6010,Book of Legends,
"3814296853","12-1058351","2020-03-17",6010,Book of Legends,
"3814298617","12-1058351","2020-03-17",6010,Book of Legends,
"3814300381","12-1058351","2020-03-18",6010,Book of Legends,
"3814302145","12-1058351","2020-03-18",6010,Book of Legends,
"3814388581","12-1058351","2020-03-30",6010,Book of Legends,
"3814390345","12-1058351","2020-03-30",6010,Book of Legends,
"3814392109","12-1058351","2020-03-30",6010,Book of Legends,
"3814393873","12-1058351","2020-03-30",6010,Book of Legends,
"3814395637","12-1058351","2020-03-30",6010,Book of Legends,
"3814397401","12-1058351","2020-03-30",6010,Book of Legends,
"3814399165","12-1058351","2020-03-30",6010,Book of Legends,
"3814400929","12-1058351","2020-03-30",6010,Book of Legends,
"3814402693","12-1058351","2020-03-30",6010,Book of Legends,
"3814404457","12-1058351","2020-03-30",6010,Book of Legends,
"3814406221","12-1058351","2020-03-30",6010,Book of Legends,
"3814407985","12-1058351","2020-03-30",6010,Book of Legends,
"3814409749","12-1058351","2020-03-30",6010,Book of Legends,
"3814411513","12-1058351","2020-03-30",6010,Book of Legends,
"3814413277","12-1058351","2020-03-30",6010,Book of Legends,
"3814415041","12-1058351","2020-03-30",6010,Book of Legends,
"3814416805","12-1058351","2020-03-30",6010,Book of Legends,
"3814418569","12-1058351","2020-03-30",6010,Book of Legends,
"3814420333","12-1058351","2020-03-30",6010,Book of Legends,
"3814422097","12-1058351","2020-03-30",6010,Book of Legends,
"3814423861","12-1058351","2020-03-30",6010,Book of Legends,
"3814425625","12-1058351","2020-03-30",6010,Book of Legends,
"3814427389","12-1058351","2020-03-30",6010,Book of Legends,
"3814429153","12-1058351","2020-03-30",6010,Book of Legends,
"3814430917","12-1058351","2020-03-30",6010,Book of Legends,
"3814432681","12-1058351","2020-03-30",6010,Book of Legends,
"3814434445","12-1058351","2020-03-30",6010,Book of Legends,
"3814436209","12-1058351","2020-03-30",6010,Book of Legends,
"3814437973","12-1058351","2020-03-30",6010,Book of Legends,
"3814439737","12-1058351","2020-03-30",6010,Book of Legends,
"3814441501","12-1058351","2020-03-31",6010,Book of Legends,
"3814443265","12-1058351","2020-03-31",6010,Book of Legends,
"3814445029","12-1058351","2020-03-31",6010,Book of Legends,
"3814446793","12-1058351","2020-03-31",6010,Book of Legends,
"3814448557","12-1058351","2020-03-31",6010,Book of Legends,
"3814450321","12-1058351","2020-03-31",6010,Book of Legends,
"3814452085","12-1058351","2020-03-31",6010,Book of Legends,
"3814453849","12-1058351","2020-03-31",6010,Book of Legends,
"3814455613","12-1058351","2020-03-31",6010,Book of Legends,
"3814457377","12-1058351","2020-03-31",6010,Book of Legends,
"3814459141","12-1058351","2020-03-31",6010,Book of Legends,
"3814460905","12-1058351","2020-03-31",6010,Book of Legends,
"3814462669","12-1058351","2020-03-31",6010,Book of Legends,
"3814464433","12-1058351","2020-03-31",6010,Book of Legends,
"3814466197","12-1058351","2020-03-31",6010,Book of Legends,
"3814467961","12-1058351","2020-03-31",6010,Book of Legends,
"3814469725","12-1058351","2020-03-31",6010,Book of Legends,
"3814471489","12-1058351","2020-03-31",6010,Book of Legends,
"3814473253","12-1058351","2020-03-31",6010,Book of Legends,
"3814475017","12-1058351","2020-03-31",6010,Book of Legends,
"3814483837","12-1058351","2020-04-01",6010,Book of Legends,
"3814485601","12-1058351","2020-04-01",6010,Book of Legends,
"3814512061","12-1058351","2020-04-07",6010,Book of Legends,
"3814513825","12-1058351","2020-04-07",6010,Book of Legends,
"3814526173","12-1058351","2020-04-09",6010,Book of Legends,
"3814527937","12-1058351","2020-04-09",6010,Book of Legends,
"3814533229","12-1058351","2020-04-10",6010,Book of Legends,
"3814534993","12-1058351","2020-04-10",6010,Book of Legends,
"3814536757","12-1058351","2020-04-10",6010,Book of Legends,
"3814538521","12-1058351","2020-04-10",6010,Book of Legends,
"3814540285","12-1058351","2020-04-10",6010,Book of Legends,
"3814542049","12-1058351","2020-04-10",6010,Book of Legends,
"3814543813","12-1058351","2020-04-10",6010,Book of Legends,
"3814545577","12-1058351","2020-04-10",6010,Book of Legends,
"3814547341","12-1058351","2020-04-10",6010,Book of Legends,
"3814549105","12-1058351","2020-04-10",6010,Book of Legends,
"3814550869","12-1058351","2020-04-12",6010,Book of Legends,
"3814552633","12-1058351","2020-04-12",6010,Book of Legends,
"3814554397","12-1058351","2020-04-13",6010,Book of Legends,
"3814556161","12-1058351","2020-04-13",6010,Book of Legends,
"3814557925","12-1058351","2020-04-13",6010,Book of Legends,
"3814559689","12-1058351","2020-04-13",6010,Book of Legends,
"3814561453","12-1058351","2020-04-13",6010,Book of Legends,
"3814563217","12-1058351","2020-04-13",6010,Book of Legends,
"3814564981","12-1058351","2020-04-13",6010,Book of Legends,
"3814566745","12-1058351","2020-04-13",6010,Book of Legends,
"3814572037","12-1058351","2020-04-13",6010,Book of Legends,
"3814573801","12-1058351","2020-04-13",6010,Book of Legends,
"3814575565","12-1058351","2020-04-13",6010,Book of Legends,
"3814577329","12-1058351","2020-04-13",6010,Book of Legends,
"3814579093","12-1058351","2020-04-13",6010,Book of Legends,
"3814580857","12-1058351","2020-04-13",6010,Book of Legends,
"3814582621","12-1058351","2020-04-13",6010,Book of Legends,
"3814584385","12-1058351","2020-04-13",6010,Book of Legends,
"3814586149","12-1058351","2020-04-13",6010,Book of Legends,
"3814587913","12-1058351","2020-04-13",6010,Book of Legends,
"3814589677","12-1058351","2020-04-13",6010,Book of Legends,
"3814591441","12-1058351","2020-04-13",6010,Book of Legends,
"3814593205","12-1058351","2020-04-13",6010,Book of Legends,
"3814594969","12-1058351","2020-04-13",6010,Book of Legends,
"3814596733","12-1058351","2020-04-13",6010,Book of Legends,
"3814598497","12-1058351","2020-04-13",6010,Book of Legends,
"3814600261","12-1058351","2020-04-14",6010,Book of Legends,
"3814602025","12-1058351","2020-04-14",6010,Book of Legends,
"3814607317","12-1058351","2020-04-14",6010,Book of Legends,
"3814609081","12-1058351","2020-04-14",6010,Book of Legends,
"3814610845","12-1058351","2020-04-14",6010,Book of Legends,
"3814612609","12-1058351","2020-04-14",6010,Book of Legends,
"3814614373","12-1058351","2020-04-14",6010,Book of Legends,
"3814616137","12-1058351","2020-04-14",6010,Book of Legends,
"3814617901","12-1058351","2020-04-14",6010,Book of Legends,
"3814619665","12-1058351","2020-04-14",6010,Book of Legends,
"3814621429","12-1058351","2020-04-14",6010,Book of Legends,
"3814623193","12-1058351","2020-04-14",6010,Book of Legends,
"3814624957","12-1058351","2020-04-14",6010,Book of Legends,
"3814626721","12-1058351","2020-04-14",6010,Book of Legends,
"3814628485","12-1058351","2020-04-14",6010,Book of Legends,
"3814630249","12-1058351","2020-04-14",6010,Book of Legends,
"3814632013","12-1058351","2020-04-15",6010,Book of Legends,
"3814633777","12-1058351","2020-04-15",6010,Book of Legends,
"3814639069","12-1058351","2020-04-15",6010,Book of Legends,
"3814640833","12-1058351","2020-04-15",6010,Book of Legends,
"3814642597","12-1058351","2020-04-15",6010,Book of Legends,
"3814644361","12-1058351","2020-04-15",6010,Book of Legends,
"3814646125","12-1058351","2020-04-15",6010,Book of Legends,
"3814647889","12-1058351","2020-04-15",6010,Book of Legends,
"3814649653","12-1058351","2020-04-15",6010,Book of Legends,
"3814651417","12-1058351","2020-04-15",6010,Book of Legends,
"3814653181","12-1058351","2020-04-15",6010,Book of Legends,
"3814654945","12-1058351","2020-04-15",6010,Book of Legends,
"3814660237","12-1058351","2020-04-16",6010,Book of Legends,
"3814662001","12-1058351","2020-04-16",6010,Book of Legends,
"3814663765","12-1058351","2020-04-16",6010,Book of Legends,
"3814665529","12-1058351","2020-04-16",6010,Book of Legends,
"3814667293","12-1058351","2020-04-16",6010,Book of Legends,
"3814669057","12-1058351","2020-04-16",6010,Book of Legends,
"3814670821","12-1058351","2020-04-16",6010,Book of Legends,
"3814672585","12-1058351","2020-04-16",6010,Book of Legends,
"3814674349","12-1058351","2020-04-16",6010,Book of Legends,
"3814676113","12-1058351","2020-04-16",6010,Book of Legends,
"3814677877","12-1058351","2020-04-16",6010,Book of Legends,
"3814679641","12-1058351","2020-04-16",6010,Book of Legends,
"3814681405","12-1058351","2020-04-16",6010,Book of Legends,
"3814683169","12-1058351","2020-04-16",6010,Book of Legends,
"3814684933","12-1058351","2020-04-16",6010,Book of Legends,
"3814686697","12-1058351","2020-04-16",6010,Book of Legends,
"3814688461","12-1058351","2020-04-17",6010,Book of Legends,
"3814690225","12-1058351","2020-04-17",6010,Book of Legends,
"3814691989","12-1058351","2020-04-17",6010,Book of Legends,
"3814693753","12-1058351","2020-04-17",6010,Book of Legends,
"3814695517","12-1058351","2020-04-17",6010,Book of Legends,
"3814697281","12-1058351","2020-04-17",6010,Book of Legends,
"3814699045","12-1058351","2020-04-17",6010,Book of Legends,
"3814700809","12-1058351","2020-04-17",6010,Book of Legends,
"3814706101","12-1058351","2020-04-17",6010,Book of Legends,
"3814707865","12-1058351","2020-04-17",6010,Book of Legends,
"3814709629","12-1058351","2020-04-17",6010,Book of Legends,
"3814711393","12-1058351","2020-04-17",6010,Book of Legends,
"3814713157","12-1058351","2020-04-17",6010,Book of Legends,
"3814714921","12-1058351","2020-04-17",6010,Book of Legends,
"3814716685","12-1058351","2020-04-17",6010,Book of Legends,
"3814718449","12-1058351","2020-04-17",6010,Book of Legends,
"3814720213","12-1058351","2020-04-17",6010,Book of Legends,
"3814721977","12-1058351","2020-04-17",6010,Book of Legends,
"3814727269","12-1058351","2020-04-18",6010,Book of Legends,
"3814729033","12-1058351","2020-04-18",6010,Book of Legends,
"3814730797","12-1058351","2020-04-18",6010,Book of Legends,
"3814732561","12-1058351","2020-04-18",6010,Book of Legends,
"3814734325","12-1058351","2020-04-18",6010,Book of Legends,
"3814736089","12-1058351","2020-04-18",6010,Book of Legends,
"3814737853","12-1058351","2020-04-19",6010,Book of Legends,
"3814739617","12-1058351","2020-04-19",6010,Book of Legends,
"3814741381","12-1058351","2020-04-19",6010,Book of Legends,
"3814743145","12-1058351","2020-04-19",6010,Book of Legends,
"3814744909","12-1058351","2020-04-19",6010,Book of Legends,
"3814746673","12-1058351","2020-04-19",6010,Book of Legends,
"3814748437","12-1058351","2020-04-19",6010,Book of Legends,
"3814750201","12-1058351","2020-04-19",6010,Book of Legends,
"3814751965","12-1058351","2020-04-19",6010,Book of Legends,
"3814753729","12-1058351","2020-04-19",6010,Book of Legends,
"3814755493","12-1058351","2020-04-19",6010,Book of Legends,
"3814757257","12-1058351","2020-04-19",6010,Book of Legends,
"3814759021","12-1058351","2020-04-19",6010,Book of Legends,
"3814760785","12-1058351","2020-04-19",6010,Book of Legends,
"3814762549","12-1058351","2020-04-19",6010,Book of Legends,
"3814764313","12-1058351","2020-04-19",6010,Book of Legends,
"3814766077","12-1058351","2020-04-19",6010,Book of Legends,
"3814767841","12-1058351","2020-04-19",6010,Book of Legends,
"3814769605","12-1058351","2020-04-19",6010,Book of Legends,
"3814771369","12-1058351","2020-04-19",6010,Book of Legends,
"3814773133","12-1058351","2020-04-20",6010,Book of Legends,
"3814774897","12-1058351","2020-04-20",6010,Book of Legends,
"3814776661","12-1058351","2020-04-21",6010,Book of Legends,
"3814778425","12-1058351","2020-04-21",6010,Book of Legends,
"3814780189","12-1058351","2020-04-21",6010,Book of Legends,
"3814781953","12-1058351","2020-04-21",6010,Book of Legends,
"3814783717","12-1058351","2020-04-21",6010,Book of Legends,
"3814785481","12-1058351","2020-04-21",6010,Book of Legends,
"3814787245","12-1058351","2020-04-21",6010,Book of Legends,
"3814789009","12-1058351","2020-04-21",6010,Book of Legends,
"3814790773","12-1058351","2020-04-21",6010,Book of Legends,
"3814792537","12-1058351","2020-04-21",6010,Book of Legends,
"3814794301","12-1058351","2020-04-21",6010,Book of Legends,
"3814796065","12-1058351","2020-04-21",6010,Book of Legends,
"3814797829","12-1058351","2020-04-21",6010,Book of Legends,
"3814799593","12-1058351","2020-04-21",6010,Book of Legends,
"3814801357","12-1058351","2020-04-21",6010,Book of Legends,
"3814803121","12-1058351","2020-04-21",6010,Book of Legends,
"3814804885","12-1058351","2020-04-21",6010,Book of Legends,
"3814806649","12-1058351","2020-04-21",6010,Book of Legends,
"3814808413","12-1058351","2020-04-21",6010,Book of Legends,
"3814810177","12-1058351","2020-04-21",6010,Book of Legends,
"3814811941","12-1058351","2020-04-21",6010,Book of Legends,
"3814813705","12-1058351","2020-04-21",6010,Book of Legends,
"3814815469","12-1058351","2020-04-21",6010,Book of Legends,
"3814817233","12-1058351","2020-04-21",6010,Book of Legends,
"3814818997","12-1058351","2020-04-21",6010,Book of Legends,
"3814820761","12-1058351","2020-04-21",6010,Book of Legends,
"3814822525","12-1058351","2020-04-21",6010,Book of Legends,
"3814824289","12-1058351","2020-04-21",6010,Book of Legends,
"3814826053","12-1058351","2020-04-21",6010,Book of Legends,
"3814827817","12-1058351","2020-04-21",6010,Book of Legends,
"3814829581","12-1058351","2020-04-21",6010,Book of Legends,
"3814831345","12-1058351","2020-04-21",6010,Book of Legends,
"3814833109","12-1058351","2020-04-21",6010,Book of Legends,
"3814834873","12-1058351","2020-04-21",6010,Book of Legends,
"3814836637","12-1058351","2020-04-21",6010,Book of Legends,
"3814838401","12-1058351","2020-04-21",6010,Book of Legends,
"3814843693","12-1058351","2020-04-28",6010,Book of Legends,
"3814845457","12-1058351","2020-04-28",6010,Book of Legends,
"3814847221","12-1058351","2020-04-28",6010,Book of Legends,
"3814848985","12-1058351","2020-04-28",6010,Book of Legends,
"3814850749","12-1058351","2020-04-28",6010,Book of Legends,
"3814852513","12-1058351","2020-04-28",6010,Book of Legends,
"3814893085","12-1058351","2020-05-05",6010,Book of Legends,
"3814894849","12-1058351","2020-05-05",6010,Book of Legends,
"3814896613","12-1058351","2020-05-05",6010,Book of Legends,
"3814898377","12-1058351","2020-05-05",6010,Book of Legends,
"3814900141","12-1058351","2020-05-05",6010,Book of Legends,
"3814901905","12-1058351","2020-05-05",6010,Book of Legends,
"3814903669","12-1058351","2020-05-05",6010,Book of Legends,
"3814905433","12-1058351","2020-05-05",6010,Book of Legends,
"3814907197","12-1058351","2020-05-05",6010,Book of Legends,
"3814908961","12-1058351","2020-05-05",6010,Book of Legends,
"3814910725","12-1058351","2020-05-05",6010,Book of Legends,
"3814912489","12-1058351","2020-05-05",6010,Book of Legends,
"3814914253","12-1058351","2020-05-05",6010,Book of Legends,
"3814916017","12-1058351","2020-05-05",6010,Book of Legends,
"3814963645","12-1058351","2020-05-08",6010,Book of Legends,
"3814965409","12-1058351","2020-05-08",6010,Book of Legends,
"3814967173","12-1058351","2020-05-08",6010,Book of Legends,
"3814968937","12-1058351","2020-05-08",6010,Book of Legends,
"3814970701","12-1058351","2020-05-08",6010,Book of Legends,
"3814972465","12-1058351","2020-05-08",6010,Book of Legends,
"3814974229","12-1058351","2020-05-08",6010,Book of Legends,
"3814975993","12-1058351","2020-05-08",6010,Book of Legends,
"3814977757","12-1058351","2020-05-08",6010,Book of Legends,
"3814979521","12-1058351","2020-05-08",6010,Book of Legends,
"3814981285","12-1058351","2020-05-08",6010,Book of Legends,
"3814983049","12-1058351","2020-05-08",6010,Book of Legends,
"3814984813","12-1058351","2020-05-08",6010,Book of Legends,
"3814986577","12-1058351","2020-05-08",6010,Book of Legends,
"3814988341","12-1058351","2020-05-08",6010,Book of Legends,
"3814990105","12-1058351","2020-05-08",6010,Book of Legends,
"3814991869","12-1058351","2020-05-08",6010,Book of Legends,
"3814993633","12-1058351","2020-05-08",6010,Book of Legends,
"3814998925","12-1058351","2020-05-10",6010,Book of Legends,
"3815000689","12-1058351","2020-05-10",6010,Book of Legends,
"3815002453","12-1058351","2020-05-10",6010,Book of Legends,
"3815004217","12-1058351","2020-05-10",6010,Book of Legends,
"3815005981","12-1058351","2020-05-10",6010,Book of Legends,
"3815007745","12-1058351","2020-05-10",6010,Book of Legends,
"3815009509","12-1058351","2020-05-12",6010,Book of Legends,
"3815011273","12-1058351","2020-05-12",6010,Book of Legends,
"3815023621","12-1058351","2020-05-14",6010,Book of Legends,
"3815025385","12-1058351","2020-05-14",6010,Book of Legends,
"3815030677","12-1058351","2020-05-14",6010,Book of Legends,
"3815032441","12-1058351","2020-05-14",6010,Book of Legends,
"3815034205","12-1058351","2020-05-14",6010,Book of Legends,
"3815035969","12-1058351","2020-05-14",6010,Book of Legends,
"3815037733","12-1058351","2020-05-14",6010,Book of Legends,
"3815039497","12-1058351","2020-05-14",6010,Book of Legends,
"3815041261","12-1058351","2020-05-14",6010,Book of Legends,
"3815043025","12-1058351","2020-05-14",6010,Book of Legends,
"3815048317","12-1058351","2020-05-15",6010,Book of Legends,
"3815050081","12-1058351","2020-05-15",6010,Book of Legends,
"3815051845","12-1058351","2020-05-15",6010,Book of Legends,
"3815053609","12-1058351","2020-05-15",6010,Book of Legends,
"3815055373","12-1058351","2020-05-15",6010,Book of Legends,
"3815057137","12-1058351","2020-05-15",6010,Book of Legends,
"3815058901","12-1058351","2020-05-15",6010,Book of Legends,
"3815060665","12-1058351","2020-05-15",6010,Book of Legends,
"3815062429","12-1058351","2020-05-15",6010,Book of Legends,
"3815064193","12-1058351","2020-05-15",6010,Book of Legends,
"3815065957","12-1058351","2020-05-15",6010,Book of Legends,
"3815067721","12-1058351","2020-05-15",6010,Book of Legends,
"3815069485","12-1058351","2020-05-15",6010,Book of Legends,
"3815071249","12-1058351","2020-05-15",6010,Book of Legends,
"3815122405","12-1058351","2020-05-21",6010,Book of Legends,
"3815124169","12-1058351","2020-05-21",6010,Book of Legends,
"3815125933","12-1058351","2020-05-21",6010,Book of Legends,
"3815127697","12-1058351","2020-05-21",6010,Book of Legends,
"3815129461","12-1058351","2020-05-21",6010,Book of Legends,
"3815131225","12-1058351","2020-05-21",6010,Book of Legends,
"3815132989","12-1058351","2020-05-21",6010,Book of Legends,
"3815134753","12-1058351","2020-05-21",6010,Book of Legends,
"3815136517","12-1058351","2020-05-21",6010,Book of Legends,
"3815138281","12-1058351","2020-05-21",6010,Book of Legends,
"3815140045","12-1058351","2020-05-23",6010,Book of Legends,
"3815141809","12-1058351","2020-05-23",6010,Book of Legends,
"3815143573","12-1058351","2020-05-23",6010,Book of Legends,
"3815145337","12-1058351","2020-05-23",6010,Book of Legends,
"3815147101","12-1058351","2020-05-23",6010,Book of Legends,
"3815148865","12-1058351","2020-05-23",6010,Book of Legends,
"3815150629","12-1058351","2020-05-23",6010,Book of Legends,
"3815152393","12-1058351","2020-05-23",6010,Book of Legends,
"3815154157","12-1058351","2020-05-23",6010,Book of Legends,
"3815155921","12-1058351","2020-05-23",6010,Book of Legends,
"3815157685","12-1058351","2020-05-24",6010,Book of Legends,
"3815159449","12-1058351","2020-05-24",6010,Book of Legends,
"3815164741","12-1058351","2020-05-24",6010,Book of Legends,
"3815166505","12-1058351","2020-05-24",6010,Book of Legends,
"3815168269","12-1058351","2020-05-24",6010,Book of Legends,
"3815170033","12-1058351","2020-05-24",6010,Book of Legends,
"3815171797","12-1058351","2020-05-24",6010,Book of Legends,
"3815173561","12-1058351","2020-05-24",6010,Book of Legends,
"3815175325","12-1058351","2020-05-24",6010,Book of Legends,
"3815177089","12-1058351","2020-05-24",6010,Book of Legends,
"3815178853","12-1058351","2020-05-24",6010,Book of Legends,
"3815180617","12-1058351","2020-05-24",6010,Book of Legends,
"4199154025","55-1356971","2020-05-29",6010,Book of Legends,
"4837979569","34-4735559","2020-05-23",6010,Book of Legends,
"5805226633","49-7817094","2020-02-03",6010,Book of Legends,
"5911385917","72-8383652","2020-01-14",6010,Book of Legends,
"6263827825","60-9357143","2020-05-05",6010,Book of Legends,
"6264060673","60-9357143","2020-07-11",6010,Book of Legends,
"6638432629","58-5157190","2020-07-17",6010,Book of Legends,
"7101577885","26-9403089","2020-07-06",6010,Book of Legends,
"7155658597","06-2087517","2020-07-06",6010,Book of Legends,
"7156383601","06-2087517","2020-07-17",6010,Book of Legends,
"7156720525","06-2087517","2020-07-21",6010,Book of Legends,
"8223326653","87-7990939","2020-04-22",6010,Book of Legends,
"8526468289","30-3828178","2020-06-24",6010,Book of Legends,
"9047712649","49-9730327","2020-07-13",6010,Book of Legends,
"9627641761","42-0460342","2020-01-07",6010,Book of Legends,
"9628580209","42-0460342","2020-03-05",6010,Book of Legends,
"9629098825","42-0460342","2020-03-29",6010,Book of Legends,
"9630054913","42-0460342","2020-05-17",6010,Book of Legends,
"9630640561","42-0460342","2020-06-27",6010,Book of Legends,
"9630644089","42-0460342","2020-06-27",6010,Book of Legends,
"9953484313","83-9220296","2020-06-14",6010,Book of Legends,
"10141043377","95-5295991","2020-07-20",6010,Book of Legends,
"10458558085","51-6329085","2020-04-11",6010,Book of Legends,
"11593979617","62-6590681","2020-07-15",6010,Book of Legends,
"68367001","24-7963773","2020-02-06",6010,Book of Legends,
"155609149","01-4279334","2020-05-11",6010,Book of Legends,
"1120605349","79-9440980","2020-03-17",6010,Book of Legends,
"1383790621","10-9330719","2020-04-05",6010,Book of Legends,
"1384026997","10-9330719","2020-04-11",6010,Book of Legends,
"1738592761","51-5255196","2020-07-23",6010,Book of Legends,
"1858169029","06-2579907","2020-07-25",6010,Book of Legends,
